Metric,Value
Precision,0.10517799352750809
Recall,0.6632653061224489
F1 Score,0.18156424581005584
AUC-ROC,0.9543364475784686
Average Precision,0.21797227754191925
